text,label,notes
"My friend and I listened to How to Be a Human Being in the car a few weeks ago and I have had the album on loop ever since. I'd really like to find more music with a similar sound. I love the way the vocals and instrumentals are arranged and produced, especially in ""Life Itself,"" ""Youth,"" ""Pork Soda,"" ""Mama's Gun,"" and ""Poplar St."" However, it's so distant from the type of music I normally listen to that I'm not sure where to start. Do you guys have any recs?",Critique,Edge case: framed as a recommendation request but names specific songs as production examples; tie-break rule applied (specific claim overrides question frame).
"Crooked Colours - Vera. Still Woozy - If This Isn't Nice, I Don't Know What Is. Goth Babe - Lola. Golden Vessel's albums. I'd also recommend exploring some of Dominic Fike, Everything Everything, Magdalena Bay, Villagers, and Balu Brigada.",Discussion/Question,
"before i switched to rock/goth/alt/indie music, i only ever listened to rap. you can mix your music taste, like for example, some emo people listen to taylor swift. but i do recommend arctic monkeys because i LOVE their music.",Personal Anecdote,Personal listening-taste history; recommendation has no specific musical reasoning attached.
It's not really the same vibe/genre but I love Sticky Fingers a lot! They give me the same feeling if that makes any sense at all lol. Their album Caress Your Soul is my personal fav.,Discussion/Question,
Not exactly the same but I really dig Inner Wave's new album See You When I Get Back.,Discussion/Question,
"Still Woozy, Half Alive. If you like the more rock esque tunes on Htbahb, there's a weird glass animals >>> the wombats pipeline. Wombats are indie punk with a relatively unique sound. Two Door Cinema Club as well, and Tokyo Police Club!",Critique,"Names a specific comparative sonic descriptor (indie punk, unique sound)."
"I'll agree with some of the other sentiments here: HTBAHB is a masterpiece partly because it's hard to find another quite like it. Still Woozy is a great artist to listen to for a similar sound, but I personally like to recommend slenderbodies to anybody who's a Glass Animals fan!",Reaction,"Edge case: gestures at reasoning ('hard to find another like it') but names no specific musical element, so reasoning is too vague to count as Critique."
Meanwhile I saw them look live opening for Imagine Dragons and they fucking sucked ass. It was actually terrible,Personal Anecdote,Centers on a specific concert experience rather than a checkable musical claim.
"You are asking in a GA fandom subreddit if people like something GA related. The answer is yes, many/most people here do. If you want a similar vibe I recommend slenderbodies - has similar slithery velvety sounds and is really fun",Critique,Edge case: opens as meta/community commentary but includes a specific sonic descriptor ('slithery velvety sounds'); tie-break rule applied.
I'm not sure why but for some reason Zaba sounds to me like it's being sung by Kaa. Reading your description makes me think you'll understand what I mean.,Critique,"Specific, if unusual, comparative claim about vocal quality."
"Found them at zaba, and saw them for that tour. Best show of my life. I still think it's their best album. Their other albums are fine but. Zaba is in another stratosphere",Personal Anecdote,
"I'm obviously happy for their huge success, but I do miss those early days! Saw them in a half-full basement ballroom in Cincinnati in 2015(?), and we hung out with the band after the show outside the stage door.",Personal Anecdote,
"I think pretty much everyone in this sub loves Zaba, lol. It's highly regarded as one of their best albums (second to HTBAHB). Some songs off it were actually pretty popular when first released, like Gooey. It's such a unique-sounding album.",Critique,Names a specific song (Gooey) and a specific claim about its release popularity.
This sub was built off Zaba. Still my favorite album to this day. Love the stripped version. The sub changed a lot after heat waves blew up. I miss their old style but still enjoy their newer albums,Reaction,"Edge case: names a specific thing ('the stripped version') but gives no reasoning why, so stays Reaction rather than Critique."
Someone posted Pools on here like 11 years ago and I've been a fan since. I made my friends fans. I miss having so many friends.,Personal Anecdote,
"Been a zaba fan since 2014. Made my high school bf at the time listen to it because I thought it was genuinely life changing and his response was: ""this sounds like music for stoners."" We broke up lmao",Personal Anecdote,
"I love Zaba, I'm quite obsessed with all of Glass Animals albums and I feel when others listen to them and don't like them they just need to be sat down headphones on listen. If they still don't like them they don't have a unique taste imo.",Reaction,
"I've been extremely disappointed by how they've moved away from the ZABA sound. Not that my opinion should determine what they do or anything by, but ZABA is in my top 3 (maybe top 1) albums of all time and nothing else I've ever heard comes close to its sound.",Reaction,Matches the uncertain case documented in planning.md Milestone 1 — 'the sound' is too vague/unfalsifiable to count as a specific claim.
It's their best album BY FAR!,Reaction,
"It's the album that put me on. I don't really like much past HTBAHB. When I go back to listen to GA, it's either ZABA or HTBAHB. Honestly didn't even care to listen to their newest album after Dreamland",Reaction,
Love Zaba. It is spiritual to me but probably not others. Not sure. The vibes and the atmosphere are genuine and too unique for me to catch elsewhere,Reaction,'vibes and atmosphere' too vague to count as a specific claim.
"Zaba and HTBAHB blow Dreamland and ILYSFM out of the water, but the vast majority of people like Pop music which the later are. So, it's not surprising that the larger population may not care for the alt-genre that Zaba is.",Critique,Names a specific genre distinction as the basis for the comparative claim.
Popular opinion: every time a song from ZABA shuffles on I turn my volume to MAX!! The vibes of the album just cannot be beaten I'm afraid,Reaction,
"It's their best album for me It has none of my favorite songs on it, but I love how true-to-theme every song is and how it flows start to finish. Also, I consider Gooey to be their best single",Critique,Specific claims about thematic consistency and track flow.
"ZABA is the best album and Glass Animals were my Spotify top 1 for two years because of that album. So perfect, and so underrated.",Personal Anecdote,Edge case: personal listening statistic (Spotify top artist for two years) used to support a ranking claim; treated as anecdote since it centers on personal listening history rather than a musical element.
Zaba was my first glass animals experience. I was on 4 grams of magic mushrooms and my buddy played black Mambo. I've been in love with glass animals ever since and tripped to their music more times than I can count. The whole ZABA album was made for shrooms trips lol.,Personal Anecdote,
I've recently been listening to the Leaflings EP again and I love it. It feels like a cool precursor to Zaba,Critique,Specific comparative claim (precursor relationship between two releases).
"this post makes me wanna ask if anyone actually likes ILYSFM because, in my opinion, Zaba is 1000x better.",Discussion/Question,"Edge case: contains a ranking claim ('1000x better') but it's hyperbolic/unfalsifiable rather than specific, so the question frame wins and it stays Discussion/Question."
"Been on repeat for 7 years now, can't really get into their new stuff much. With Zaba though, there's rarely a skip. I wish they'd release something with a similar vibe",Reaction,
"ZABA FIRST IMPRESSIONS AFTER ONE LISTEN. Standouts: flip, walla walla, hazey, wyrd. The sound is so lush, there are so many layers. I love how the songs blend into each other. The lyrics are SO ABSTRACT... I think tear in space airlock from ilysfm has some similar soundscape to some of the songs here, more polished and not as many sounds but that kind of lush expansive instrumental, but a lot more stripped back.",Critique,Long-form track-by-track analysis with specific comparative and production claims throughout.
JDNT / Every other song / Hazey / Cocoa Hooves. ZABA is a journey and your post proves that. This album is absolutely magical and I really wish that sometime in the future Dave decides to put on hold his pop aspirations and goes back to the idea of creating such a nuanced and ambitious album,Critique,Specific comparative claim: 'pop aspirations' vs. 'nuanced and ambitious' sound.
"jdnt above all others is so valid! ilysfm is the first album of theirs i listened to and i loved it, but hearing their earlier discography i see how different it is. i love how they commit so hard to a different sound/theme for each album.",Critique,Specific claim about differing sound/theme across albums.
Have you heard the stripped version of Hazey? I actually like that much better.,Discussion/Question,
"thank you so much for suggesting this because i just listened and i really like it!!! i love how it feels like a cover of their own song, it sounds so refreshing. The guitar also gives early arctic monkeys vibes.",Critique,Specific comparative claim about guitar tone.
"i like how thoughtful you are in doing this. and youre right, i do wish i could listen to ZABA for the first time again. it was like finding magic for my ears and brain.",Reaction,'magic' is not a specific/checkable claim.
right it really is like magic!!!! it felt like i was high listening to it esp. walla walla first time and i am years and years sober lol. what a trip,Personal Anecdote,
Yay! So glad to see other appreciators of Walla Walla and Wyrd. P.S. I was sure the song Exxus was on the album but it's on an EP and feel sad because that track is sexy af and has ZABA vibes,Critique,Names a specific track and a specific stylistic claim (ZABA vibes).
yay they're so good right i love those ones so much!! are other ones more popular than them? i haven't listened to exxus,Discussion/Question,
"They are mainstream. Not only did Heat Waves go viral, but their concerts have sold out around the world.",Discussion/Question,New edge case type: debate about band popularity/status rather than evaluation of musical content — see note to Ruby.
"They're not underground, BUT I'd also note that most people I've talked to don't know about them. It's surprised me how many people have never heard of them despite their 20 million+ monthly listeners on Spotify.",Discussion/Question,Same popularity-debate edge case.
"Same experience! Normally when I talk about Glass Animals, I always go 'they're the Heat Waves band'. But besides Heat Waves, I don't think many people have heard their music unless it's been in passing.",Personal Anecdote,Centers on personal experience explaining the band to others.
"You can't have a song that has over a billion streams and be underground. People have saturated that term so much. Glass Animals stopped being underground when they got signed to Virgin Records and released ZABA. Underground artists don't have a Heat Waves or Gooey in their catalog, either.",Discussion/Question,"Same popularity-debate edge case; argumentative but about status, not music quality."
"I've been a fan since Zaba released (maybe a few months later). They were instantly successful in indie circles. Heatwaves was the song that made them firmly mainstream, but I would say that they were already on their way regardless.",Personal Anecdote,"Opens with personal fan history, framing the rest of the comment."
"I feel like they're still a bit of both. Heat Waves is mainstream, and a lot of people know about them for that one song, but I feel like the majority of their amazing music is still fairly underground and underrated. Their fan base is steadily growing, with 21k people on their discord server.",Discussion/Question,Same popularity-debate edge case.
"I've been listening to ""I Don't Wanna Talk (I Just Wanna Dance)"" regularly since 2022. I listened to it again recently, and it honestly sounded like a different recording. The intro, production, tempo, and overall structure all felt different to me. Has anyone else noticed this, or am I somehow remembering a different version?",Discussion/Question,
"There's a couple versions of IDWT, so that explains why it sounds different.",Discussion/Question,
Where are the different versions? Can you link them? I have literally scoured the internet for the last hour trying to find the one I heard originally.,Discussion/Question,
"The official single and Dreamland version are both the same, but there are a few early / semi-acoustic versions floating around. Could you have been listening to a playlist with one of those earlier versions instead of the album version?",Discussion/Question,
Just checked every possible version of it on Spotify and they all sound exactly as I remember the song sounding,Discussion/Question,
Cocoa hooves related query. WHY ARE THE HOOVES COCOA. My only theory is that cocoa is a very tame drink with no alcohol or caffeine and that is related to the goat no longer being a party animal. Does anyone else have theories about it?,Discussion/Question,
"ive always thought about it being a color, not a drink, in this context",Discussion/Question,
Yes but is there a reason for the color. Or is it just random,Discussion/Question,
"He uses foods as adjectives a lot, keep listening!",Critique,"Specific, checkable claim about a recurring lyrical device."
Just an amazing album. Even better with some indica,Reaction,
This album is their peak (in my opinion) and one of my all time favorite albums.,Reaction,
"As good as How to Be a Human Being was, I totally agree with you. I'm hoping their next album is a correction from Dreamland, they seem to have somewhat lost their sound",Reaction,'lost their sound' too vague to count as a specific claim.
The Dolby mix of Dreamland is fun. Listening to music in surround is like an upgraded quadraphonic systems. I'm happy Glass Animals are getting some recognition. Hopefully they will get back to their roots in future albums.,Critique,"Specific mix/format reference (Dolby, surround, quadraphonic)."
Fantastic soundstage and imaging on ZABA. You find yourself lost in this super visceral alien forest with thumping warm grooves. Can't recommend enough; it's easily one of my top albums.,Critique,Specific soundstage/imaging description.
Fucking love this album its the GOAT imo,Reaction,
"I swear its like not known at all, and i keep trying to get people in my life to listen to it but noone likes it its so sad because in my opinion its the best album but so insanely underrated",Personal Anecdote,Centers on personal experience trying to share the album with others.
Zaba is by far my fave album!,Reaction,
toes is lwk my favorite song,Reaction,
Zaba is a banger and I am not open to critique. It's weird sounds scratch an itch in my brain that I actively crave. My real hot take is Davey's remix of Drowning by BANKS is one of my top faves GA sounds structure wise.,Critique,"Names a specific remix and makes a structural-sound claim, despite the hype-heavy opening framing ('not open to critique')."
Walla walla and Toes are so goooood specifically. I love the whole album. Zaba's songs do something to me as a writer. They have such specific sounds and colors and moods and just make me want to type away.,Critique,"Edge case: names specific tracks and a specific creative effect (writing inspiration tied to sound/color/mood), though the effect described is subjective."
"Most of their songs tell really depressing stories, yet the meaning is often overlooked and masked by sensational instrumentals. For example, Heat Waves is so frequently played at clubs and parties which many people dance to in great moods, but the lyrics reflect someone coming to grips with the fact that they have failed as a lover and have to move on.",Critique,"Detailed lyrical analysis of a specific, named song."
"Alt J is very similar to ZABA, but without the Jungle vibes. Especially An Awesome Wave. Jungle is very similar to HTBAHB in style and tone.",Critique,Specific cross-artist comparison.
"Metronomy is, imo, quite a similar sound to Glass Animals. I thought I Dont Wanna Talk was very Metronomy",Critique,Specific cross-artist comparison tied to a named song.
Still Woozy and The NBHD are my top 2 after GA.,Reaction,Ranking with no supporting reasoning.
The Neighbourhood's got some similar music. Especially Wires.,Discussion/Question,Names a specific song but gives no reasoning why it's similar.
Check out Magic City Hippies. Not exactly like Glass Animals but a super fun vibe to get down to,Discussion/Question,
"I listen to more electronic artists usually like Odesza, Flume, Bon Iver, Mura Masa, Quiet Bison, Jungle, Prospa, the knocks, RUFUS Du Sol. Not a ton of similar artists to glass animals but they're just something special",Discussion/Question,Matches the uncertain case documented in planning.md — list-style community answer that ends on a vague evaluative note ('something special').
"Joywave, saint motel, binki, Portugal the man, alt j, still woozy, COAST MODERN, sir sly, the Maria's, grandson, milky chance, atmosphere",Discussion/Question,"Bare recommendation list, no reasoning."
"My other faves are AltJ, Jon Bellion, AJR, Two Feet, Mission. Also I love Mumford and Sons but yes a different sound. I love so many bands and types of music though. One day I'm jamming out to Paul Simon, the next Beastie Boys, etc. Depends on my mood. I like so much except for country lol",Discussion/Question,
"ZABA- i love all the songs but i would say the one i listen to the LEAST is JDNT. HTBAHB- my fave glass animals album but if i HAD to pick probably Cane Shuga. Dreamland- Melon and the Coconut, I like it but don't love it. ILYSFM- just cannot get into White Roses",Reaction,Per-album rankings with no reasoning attached.
I'm with you Zaba is damn near a perfect album. JDNT is the only one I could take or leave. I'd say Take a slice is right there with JDNT. Domestic Bliss I'll pass on. There's maybe 2-3 songs I enjoy and the rest feel kinda forgettable but trying to work through it.,Reaction,'forgettable' is a judgment without a specific reason attached.
"Zaba- Wyrd. It's not bad, just think it feels more like one of the songs from their early EPs than an actual Zaba track.",Critique,Specific comparative claim (era/EP vs. album sound).
HTBAHB- Mama's Gun. I know some people love this song but I just find it so boring. There are parts of it I like but HTBAHB is my favorite album of all time and this is the only song I don't have downloaded from it.,Reaction,'boring' with no specific reasoning attached.
"Dreamland- Your Love (Deja Vu)- Catchy beat, haaaaaaate parts of this song. ""Eat me o-live"" ugh.",Critique,Cites a specific lyric as the basis for the complaint.
ILYSFM- On The Run- the chorus is honestly offensive to my ears and the ending of the song makes me feel like I'm having an anxiety attack. I don't even care if that's what they were trying to do it's just bad.,Critique,Describes a specific sonic/emotional effect of a named song section.
"For me: ILYSFM: Controversially, I love this album SO MUCH that I love every song, so it's the hardest for me. I think perhaps White Roses. Dreamland: Another Melon and the Coconut hater here. It is my least favorite song from them period. HTBAHB: Mama's Gun ZABA: Intruxx",Reaction,"Per-album least-favorite rankings, no reasoning."
"ILYSFM- I cannot get into White Roses it just bugs me lol. Dreamland- this is gonna be controversial but I do not like Heat Waves. HTBAHB- I LOVE all of the songs, but I'd say s2 e3 is maybe my least fav. Zaba- it's so hard to pick, but Pools is probably my least listened to",Reaction,
There's not a single GA song I don't like but these are mine. ILYSFM - whatthehellishappening Dreamland - Domestic bliss HTBAHB - S2E3 Zaba - Intruxx I guess,Reaction,
You're going to have so much fun. We sat next to someone who came solo and had a great time. Everyone was jamming out.,Personal Anecdote,
"I'm going to sing my heart out, not a chance in hell I'm not enjoying this",Reaction,
"It was a great show on Saturday! There were a few solo fans around us, everyone was on their feet, dancing and singing! Have a blast!",Personal Anecdote,
"Solo concerts are the best! I hope it's a fantastic time for you, friend! Drink plenty of water",Reaction,
are you in the pit? talk to people around ya too! (even in seats!) i love it because you're guaranteed to have something in common,Discussion/Question,
You'll love it! Good for you for doing this for yourself. I screamed my heart out to HILTLTB and it was therapy. Be safe and have so much fun.,Personal Anecdote,
"I just saw them in Mountain View, also solo. I had a blast! They were amazing! Everyone I was surrounded by was dancing and singing.",Personal Anecdote,
Wasn't really a glass animals fan until my friend kept bugging me to go. I listened to the set list and went to the concert and it was so incredibly good. How I learned to love the bomb is now stuck in my head and I dropped 40 bucks on a shirt soo I think I'm a fan now,Personal Anecdote,
"I go to shows on my own all the time! It's great because you go at your own pace, if it's General Admission you can get a better spot usually and often cheaper since they have solo seat promos.",Personal Anecdote,"Personal concert-going habit rather than a single-event story, but still centers on the commenter's own experience rather than evaluating the music."
It was the best concert ever and I made sooooo many friends! Very loving crowd!!!!!! Amazing lights. Tokyo Drifting was my favorite,Personal Anecdote,
"I wound up going solo to the Chicago show recently! First time going alone to a concert and it was out of state for me, about a 3.5 hour drive away, it was so so worth it. Everyone was so stoked to be there and as the concert went on, I was jamming with a group of people next to me!",Personal Anecdote,
My first concert alone was Bea Miller and it was after a tumultuous time in my life but it's important to be able to enjoy yourself and have fun by seeing your favourite artists live. The crowd at my GA concert at the Shoreline was phenomenal.,Personal Anecdote,
"Hiltltb was great live, the harmonies were even clearer, it was only my second concert",Critique,"Edge case: anecdote frame ('my second concert') but contains a specific, checkable claim about live vocal harmonies; tie-break rule applied."
This show is such a vibe. I saw them a few weeks ago in Ohio. You're gunna have a great time.,Personal Anecdote,
"I went to their show last year and had a great time... But I always make sure to stand farther back. The crowd in the back was a blast, we were all singing with each other and dancing our butts off.",Personal Anecdote,
"I made a comment about this on the hot takes post, and I'm probably gonna get flamed for it, but some of y'all need to CHILL. I went to one of their concerts last year and was at the front row... The vibes at the front were absolutely TERRIBLE... Has anyone else had a GA concert experience like this??",Discussion/Question,"New edge case: a long personal concert narrative that concludes with an explicit question to the community. Decision: the explicit closing question overrides the anecdote frame, since the question is the comment's actual call-to-action; a personal narrative without an explicit question stays coded as Anecdote."
"Front row is not worth it. Stand towards the back, have some space and a great view of the entire stage. Not to mention way easier to get in and out if you need to go to the bathroom or want a drink.",Discussion/Question,"General advice, not tied to one specific personal event."
IMO people who want to be in the front at any concert like that are insane,Reaction,
"I think that's pretty harsh. Some times I will be at the front, sometimes I will stay more to the middle because I like to dance or have space around me.",Reaction,
"i did not have a good time at the show in stl last year. the band was fine but the crowd just sucked ass. was super disappointed and it also ruined their shows for me, worst of all it was my first concert after covid",Personal Anecdote,
It was so bad up there lol. a girl started like crying and just stormed off during the middle of the set... pretty sure it was bc people weren't giving up their barricade spot for her. She was like 16 and it was her 6th or 7th show.,Personal Anecdote,
"I saw them at Azura last year and I had a great time. I was in the pit and I felt like everyone was awesome. One of the best shows I've been to, honestly. Also! Dave said the Azura crowd was the loudest crowd ever.",Personal Anecdote,
I've done LSD (small doses) at both GA shows I've been to and the experience is really like nothing else. Imagine all those good feelings you get from a show amplified 10x plus the music sounds absolutely amazing.,Personal Anecdote,
There's no room to dance up at the front. The way back where the crowd thins out considerably is where you'll find me inventing new dance moves.,Personal Anecdote,
We went in Columbus two years ago and the crowd was so boring. Nobody was smiling or laughing or even talking while waiting for them to come out. It was my first concert in years and I couldn't believe how lame the crowd was.,Personal Anecdote,
"Had a similar experience the first time I saw them at bonnaroo years back, had a nice rail spot and before they'd even taken the stage I had people forcing their way to the front to the point that everybody within a 10 foot radius was squished together like fuckin sardines.",Personal Anecdote,
2014 ZABA tour. Super trippy show.,Personal Anecdote,
"I was supposed to see them last year at Mad Cool Festival in Madrid, and I bought a ticket only because of them and they cancelled the day before... so I'm still waiting for my first GA concert",Personal Anecdote,
Saw them like almost two years ago on st patties day,Personal Anecdote,
2014 in Kansas City. It was amazing,Personal Anecdote,
"Bonnaroo 2014 (might've been the day or day before ZABA dropped), they were way too quiet playing a tent that was way too small for them on what is supposed to be a day of up and coming acts. Was really disappointed and didn't think they were a good live band. Seen them 5 times and that was the only less than spectacular time.",Critique,"Edge case: anecdote frame (specific festival/date) but contains a specific, checkable claim about live sound quality ('too quiet', 'tent too small'); tie-break rule applied."
"Bonnaroo 2015, found them because we were camping at That tent for Gramatik. Ass Glanimals for life after",Personal Anecdote,
"July 2016 at Forecastle Music Festival. Louisville, Kentucky, US. Got a few HTBAHB singles (pre-release), mostly zaba plus Exxus and love lockdown as well!",Personal Anecdote,
May of 2015. Urban Lounge in SLC. Super small venue and I took my now wife on our first date there.,Personal Anecdote,
2022 in Oklahoma City!! Dave forgot the words to Poplar St. but it was epic nonetheless!! i got covid like right after the concert tho :(,Personal Anecdote,
I was having a war with my neighbour on who could play the dumbest songs i searched up the word toes beacuse i thought meme songs would come up about toes. That was in 2017 now i do go a day with out listening to them.,Personal Anecdote,
"TOSOP kept appearing on my YT recommendations page, for literal months... I finally clicked on it to see what was all that about...and my soul ascended and reached nirvana lol.",Personal Anecdote,
Lol YT recommendations are how I find almost all my music. Heatwaves popped up on mine but I never played it till we had heard it on the radio and my kids fell in love with it.,Personal Anecdote,
Gooey came on the local college radio back in 2014 or so,Personal Anecdote,
"back in 2014. saw Zaba's cover on Spotify under new releases and thought ""that's cool looking."" played pools, proceeded to levitate.",Personal Anecdote,
I heard Holiest on a sort-of triphop playlist and then heard Gooey,Personal Anecdote,
I asked this girl in my undergrad class if she wanted to have lunch together in 2014. She gave me two bands to listen to bc 'I think you'd like them'. One of them was glass animals. Been converting people since,Personal Anecdote,
"My dad had life itself on one of his playlists. I was looking for music suggestions, came across it and immediately got obsessed",Personal Anecdote,
"I found them after Dreamland was released because my kids loved Heatwaves. Tangerine was my favorite, but Domestic Bliss was my therapy song and helped me deal with and process a lot of childhood trauma.",Personal Anecdote,
"Heard Heatwaves and thought I'd see what was buried beneath the hype of the one song that publicly defined them to the masses… and boy, was a SHOCKED. Heatwaves was NOTHING compared to the rest of their music. Agnes, Pork Soda, Helium, and TOSOP…",Critique,"Specific comparative claim naming several songs, wrapped in a discovery-story frame; tie-break rule applied."
"In 2018 I got hospitalized for attempts and in a group therapy session, we were all asked to share a song that meant something to us. A girl in the group shared Black Mambo and I was hooked on it when I first heard it.",Personal Anecdote,
"Was omw to listen to the Primus album ""Pork Soda""... the song by Glass Animals shows up. Fell in love real fast and was flabbergasted to find they made some iconic songs like take a slice",Personal Anecdote,
"Youtube animation memes when i was a wee child, mainly pork soda and THOSOP. I really enjoyed the songs but never looked into em. It wasnt later until I saw the music vid for Space ghost live that I was more interested.",Personal Anecdote,
I was deep in the Minecraft YouTube / Dream SMP fandom during covid. Heatwaves blew up because it was the inspiration behind the most famous fanfiction of the fandom.,Personal Anecdote,
A friend of mine played their cover of Love Lockdown by Kanye west. I was obsessed with it and then entered my gooey era,Personal Anecdote,
"Musi recommended Heatwaves to me last year, and since I live under a rock I hadn't really heard it before. A month later someone online mentioned them and that their first albums are really good. ZABA and HTBAHB are chef's kiss.",Personal Anecdote,
"The Sims 4 had a summer music festival in-game for your sims to visit a few years ago called 'Sims Sessions,' and it featured a sim version of Dave Bayley singing Heat Waves in simlish.",Personal Anecdote,
"Well i was listening to The neighbourhood new album on The youtube, there was this comment that said any similar bands like this? And someone posted glass animals, and i listened to the song 'Gooey', thats song was just pure Perfektion for me",Personal Anecdote,
My brother had been trying to get me into them for literally years and I resisted because it just sounded like stoner music to me. Then I started listening to Dreamland while I was tripping and everything clicked in my brain.,Personal Anecdote,
"I'm always down to listen to new music. One day in 2014 I was browsing Twitter, and a Boston Bruins writer posted a picture of Zaba, saying that he recommends giving them a listen. So I did, and the rest is history.",Personal Anecdote,
Planned a weekend trip with a bunch of friends... they got into the van and spent the 3 hour drive raving about the show and playing the album in the car. That weekend we all listened to the album on repeat and had a (preplanned) mushroom trip.,Personal Anecdote,
"I used to hear them a lot on the radio or TV but never paid too much attention to them. Years later, my boyfriend showed me one of their most popular songs, and I got hooked since then",Personal Anecdote,
"When I got my first job a few years ago, we were working out of Wework offices. They play music in the toilets there and gooey came on quite often so I looked up the song, I was really drawn in by the vocals.",Personal Anecdote,
i did competitive dance during my childhood and when i was 14 one of the teachers played black mambo as a warm up song and i felt something shift in me when i heard it,Personal Anecdote,
When I was a freshmen in college I ate a weed brownie and looked up a list of best songs to listen to high. Gooey was #1. I spent the whole night listening to their music and discovered my favorite band,Personal Anecdote,
"First summer after I started smoking weed. I'd get high and watch music videos on my projector, made a wall size screen. GA was a next up video.",Personal Anecdote,
I was high af watching porn and in it they had it playing in the background lmao,Personal Anecdote,
I was on Spotify and was listening to a station for music similar to flume and I think either Hazey or Gooey came up. The rest was history.,Personal Anecdote,
"Older brother and sister introduced them to me a little over a year ago. They got to see them live in New Orleans I think some time in 2017, they said it was the best live show they've ever been to.",Personal Anecdote,
"I discovered the song Gooey while listening to Alt-J on Spotify. It played the song on an Alt-J 'radio' I had set up, and I was hooked. Zaba came out a few months later, and I've been a huge fan ever since.",Personal Anecdote,
Was watching a League of Legends streamer sometime after the release of Zaba and he had it playing. Looked into it myself and became a big fan :p,Personal Anecdote,
They played Firefly Music Festival in 2015 so I looked them up beforehand and fell in love. I saw them at Firefly 2015 and 2017 and both times they were amazing.,Personal Anecdote,
I had heard Life Itself on the radio a little bit when it was released as a single but I really discovered them by driving 12 hours overnight to Red Rocks to see Portugal. The Man and they just happened to have this killer band playing before them.,Personal Anecdote,
"Was hanging with a girl I had a crush on. Believe GA came on her Pandora and we were both like 'whoa okay...' We went, and the live show made me a fan. I've seen them 3 times since then.",Personal Anecdote,
"My good friend showed them to me about a year ago, first song I heard was Take a Slice, then Gooey. After that, I was totally hooked.",Personal Anecdote,
My introductory biology professor always played a song before class started as students were walking in and he played gooey before one class and I instantly went up to ask what song it was,Personal Anecdote,
I was smoking with a friend and she put on Season 2 Episode 3 and it sounded so cool and amazing and rest is history,Personal Anecdote,
Found Black Mambo on YouTube around the time they were releasing singles for ZABA. Been listening since.,Personal Anecdote,
"I listened to Zaba a couple times when I saw they were on the Bonnaroo 2015 lineup. I liked it well enough, but seeing them live was just another level. Instantly hooked. I've seen them 7 times since then.",Personal Anecdote,
"hello! i just got my tickets to see glass animals and im very excited, fell in love with them as soon as my mom put on gooey when i was younger. just wondering, is it possible that they would play any zaba songs? its my favorite album and it would be a dream to hear some of the songs live.",Discussion/Question,
"Bands will often throw in a few of their more popular older songs, yes. Sometimes they'll even play a less popular one. If it won't feel like a spoiler for you, you can check some recent setlists of theirs from recent shows.",Discussion/Question,
"Y'all, I feel so lucky and grateful! The Toronto show was phenomenal and my freaking year was made when a worker offered us upgrades to seats down lower. This just made the show an even better experience than I was anticipating!",Personal Anecdote,
"Hi all, taking my 10 year old to her first ever concert this weekend... Glass Animals! She absolutely adores them and she has ABSOLUTELY NO IDEA SHE IS GOING!! Does anybody have any idea how I can surprise her?",Discussion/Question,
"That's so awesome!! Glass Animals is honestly a great band for a first concert, there's always great vibes and it's not totally overwhelming. In terms of keeping it a surprise, the first thing that came to mind was doing a Disney World sorta thing.",Discussion/Question,
"Going to my first ever concert alone tomorrow. And I'm fucking glad it's glass animals, I needed this so bad after everything that's been going on recently. None of my friends listen to glass animals so it felt weird asking them to drop money for tickets.",Personal Anecdote,
Took my now wife to a Glass Animals concert on our first date in 2015. I bought two tickets and asked her to come with me. She had never heard of them. We got married 4 years later. That's my Glass Animals story.,Personal Anecdote,
"if you had to assign each album to a season, which would be which? personally i say: summer: dreamland fall: htbahb winter: ilysfm spring: ZABA",Discussion/Question,
Spring: HTBAHB Summer: Dreamland Fall: Zaba Winter: ILYSFM,Reaction,
100% Agree - Dreamland has the daze of summer. Zaba is the spice and allure of fall. HTBAHB has the horniness of spring haha.,Reaction,"Mood/vibe-based reasoning without naming a specific musical/production/lyrical element, consistent with prior 'vibes' rulings."
"am i weird if i say: spring - HTBAHB summer - ILYSFM autumn - Dreamland winter - ZABA like HTBAHB is energy and opportunity, ILYSFM is like the end of summer where things are faded or you're doubting yourself and wishing you'd done things differently.",Reaction,"Detailed but impressionistic mood description, not a specific musical claim."
Summer: ZABA Autumn: HTBAHB Winter: Dreamland Spring: ILYSFM,Reaction,
"HTBAHB is spring or summer without a doubt, anything else is wrong",Reaction,
Dreamland - Winter ZABA - Spring HTBAHB - Autumn ILYSFM Summer,Reaction,
they're all summer,Reaction,
"Winter: Zaba, because I spent more than one winter rolling around on the floor tripping my nuts off to it with my friends. Fall: HTBAHB because it's where I originate. Summer: Dreamland because it came out summer 2020 and had heat waves. Spring: ILYSFM. Cause it absolutely blows at first and then blooms and grows and isn't so bad.",Personal Anecdote,Ties album/season assignments to specific personal memories rather than musical content.
HELIUM IS BAD????,Reaction,
Honestly pretty valid but I will not stand for the helium slander,Reaction,
"Melon and the Coconut is honestly great. ((Home Movie: 1994)) sits well with me and I never skip it, could be because I was born in '94 and just enjoy the overall feel of it. Objectively Season 2, episode 3, Tangerine and Helium should be higher",Reaction,'sits well with me' and 'overall feel' are not specific/checkable claims.
"Gooey is just ""good""?? Sir…",Reaction,
Flip absolutely belongs in S-tier hell yes.,Reaction,
-Golden Antlers is the band's worst song -Premade Sandwiches is in contention for the best song of all time -Dreamland isn't as bland as people think,Reaction,Rankings with no supporting reasoning given.
"I love literally all of the songs on the new album, Idk why everyones so pressed here",Reaction,
"I also enjoy it! I'll admit it's not their strongest song, but I still really enjoy it and find it stuck in my head often!",Reaction,
"heatwaves is a good song that's why it got popular, same with idwt. and personally I think if you don't like it I don't think it's necessary to make another post shitting on each song they put out.",Reaction,Circular reasoning ('good because popular') doesn't meet the bar for a specific claim.
"Dreamland's is an incredible album I like ""i don't wanna talk"" Zaba is not there best album",Reaction,
I don't connect to the new album at all. I wish I liked it more but I just don't.,Reaction,
Gooey isn't as amazing as most of the other songs on zaba,Reaction,Comparative ranking with no specific reasoning attached.
"Strange, I found white roses to be really boring and repetitive, it's a good song but I'd say there's not enough variety in it.",Critique,Specific claim about repetitiveness/lack of variety.
"It's a shame it gets to the chorus so quickly and resorts back to it so often. Until the first time the chorus is used, I actually think it's a pretty strong song on the album, but then it just repeats itself. Feels like a loop",Critique,Specific structural critique of the song's chorus placement.
"To me, White Roses sounds like a Taylor Swift song",Critique,Specific comparative claim.
it sounds like an Ariana grande song with Taylor swift lyrics. Especially the trap instrumental.,Critique,Specific comparative claim naming a production style (trap instrumental).
white roses is the tangerine of ilysfm,Critique,Specific structural/thematic comparative claim between two named songs.
it sounds like pop trash i love it so much i js sounds like heatwaves 2.0 AND I HAPPEN TO LIKE THAT,Critique,"Specific comparative claim to a named song, despite hype-heavy framing."
I liked it until I realized it sounds like creatures in heaven. It's one of three songs that I skip on the new one now.,Critique,Specific comparative claim to a named song.
The spinny percussion thing ruins it for me,Critique,Names a specific production element (percussion).
Yeah that vibraslap is kinda funny,Critique,Names a specific instrument.
"It may sound like a song that belonged in the middle of Dreamland, but holy calzone is it probably my favorite album song off this album.",Critique,Specific comparative claim about which album era it resembles.
-they're less experimental and more formulaic in order to get the same success they got with heat waves. It's repetitive. Still catchy but I keep going back to HTBAHB for a reason. -dreamland album is so good. Don't wanna talk with the Albert Hammond solo at the end is the only version of that song I love.,Critique,Specific claims about formula/repetitiveness and a specific named remix version.
"I agree that I'd love to see the band members more too! I just recently bought a record player and the albums vinyls so I was able to go in order. The first two def were more experimental, but I still love the direction they're in",Critique,Edge case: personal anecdote frame (buying a record player) but contains a specific comparative claim about the first two albums being more experimental; tie-break rule applied.
Each album seems to have its own unique vibe that is almost like an entirely new sound from them and I love it. Tokyo Drifting flopped hard until it was in the context of the album,Critique,Specific claim about a named song's reception depending on context.
"Premade sandwiches, to me, is the only way to start TOSOP. That's why I don't like when people hate on it: it might not score but you can't hate the assist.",Critique,Specific claim about the track's structural/sequencing function.
-heatwaves is their worst song they evolved so much with their first 3 albums but now sound too poppy and repetitive,Critique,"Specific claim contrasting evolution across the first 3 albums with a poppier, repetitive later sound."
"Also them doing a lot of stuff on tik tok is annoying. They never seemed like a ""tik tok heavy"" band and it ruins the TOSOP music video",Critique,Specific claim tied to a named music video.
"I feel like the rest of the album isn't as accessible or is too experimental than Gooey is, which is why people got attached to it. The rest of that album you have to like sit down and pay attention to and try to give it a shot if you're not someone who's into eclectic music.",Critique,Specific comparative accessibility claim.
Pools and Hazey are pretty accessible. Hazey is my favorite song by GA so maybe I'm biased.,Critique,Edge case: contains a favorite-song reaction but leads with a specific accessibility claim about named tracks; tie-break rule applied.
"Ending sets with Heat Waves during the Dreamland tour made them basic. Still doing it now makes them cringe. Also, those Dreamland posters with their faces on it suck.",Critique,Specific claims about setlist choices and merchandise design.
"Dreamland made them too popular, now they are abandoning their roots and driving away their initial fanbase by making just pop music",Critique,Specific claim about a genre shift toward pop.
"Lose Control, Tokyo Drifitng (both the original and absolutely the Oliver Malcom Remix) are incredible songs and go alongside Pork Soda, Your Love (Deja Vu). HTBAHB is by far my favorite album, the raw humanity of it will always have my heart, and Premade Sandwiches wouldn't be my favorite, but it is an underrated GEM of a piece.",Critique,Names specific tracks/remixes and gives reasoning ('raw humanity').
"Tangerine is a super under valued song, personally I'm a huge fan. The lyrics for creature of heaven and airlock are kind of awkward and chunky but the music itself still feels very authentic to GA and I love listening to them none the less",Critique,Specific lyrical critique ('awkward and chunky') of named songs.
HTBAHB is their best album (in my opinion lol) Dreamland is beautiful I don't understand those who hate it and I think each song on there is distinctly different from one another,Critique,Specific claim about track-to-track distinctiveness on Dreamland.
"None of those three songs are from Leaflings. Exxus and Woozy are from Glass Animals EP, and Holiest is from the Gooey single.",Discussion/Question,"Discography fact-correction, not an evaluative claim about musical quality."
"Zaba deluxe is just original zaba plus the stripped tracks. Psylla is a hidden track on the zaba vinyl, maybe that's what you're thinking of?",Discussion/Question,Discography fact-check exchange.
Why do you think it's the best song of all time? Genuine question. I do like Premade Sandwiches but it is a very odd choice for that imo for starters because it's barely a song. Would like to hear your thoughts.,Discussion/Question,"Edge case: explicitly self-labeled as a 'Genuine question,' despite containing a mild claim ('barely a song'); the explicit question framing is taken at face value."
